{"cameraMode":{"drawMode":0,"name":"Shaded","section":"Shading Mode"},"sceneLighting":false,"audioPlay":false,"sceneViewState":{"showFog":true,"showMaterialUpdate":false,"showSkybox":false,"showFlares":true,"showImageEffects":true,"showParticleSystems":true},"in2DMode":false,"pivot":{"x":-0.2775789201259613,"y":0.04087100550532341,"z":3.049457550048828},"rotation":{"x":0.14529377222061158,"y":0.6363506317138672,"z":-0.12370175868272782,"w":0.7474259734153748},"size":2.41452956199646,"orthographic":false}