{"cameraMode":{"drawMode":0,"name":"Shaded","section":"Shading Mode"},"sceneLighting":false,"audioPlay":false,"sceneViewState":{"showFog":true,"showMaterialUpdate":false,"showSkybox":false,"showFlares":true,"showImageEffects":true,"showParticleSystems":true},"in2DMode":false,"pivot":{"x":-1.5539313554763795,"y":-3.4438600540161135,"z":3.6689252853393556},"rotation":{"x":-0.0156280267983675,"y":0.9141045808792114,"z":-0.4036284387111664,"w":-0.03539314493536949},"size":23.162076950073243,"orthographic":false}